Rebounds,Assists,Turnovers,Steals,Blocks,PersonalFouls,Points,Position,GenPosition
 Aaron Gray,4.2 ,0.4 ,0.8 ,0.3 ,0.3 ,2.3 ,3.1 ,Center,Center
 Al Harrington,4.5 ,1.4 ,1.5 ,0.5 ,0.1 ,2.8 ,10.5 ,Forward Center,Forward
 Al Horford,9.3 ,3.5 ,1.5 ,0.8 ,1.0 ,2.5 ,15.3 ,Forward Center,Forward
 Al Jefferson,9.7 ,1.8 ,1.3 ,0.6 ,1.9 ,2.9 ,18.6 ,Forward Center,Forward
 Al Thornton,3.0 ,0.9 ,0.9 ,0.5 ,0.2 ,2.0 ,7.4 ,Forward,Forward
 Al-Farouq Aminu,3.3 ,0.7 ,1.3 ,0.7 ,0.3 ,1.5 ,5.6 ,Forward,Forward
 Alexis Ajinca,2.3 ,0.3 ,0.5 ,0.3 ,0.6 ,2.1 ,4.2 ,Forward Center,Forward
 Alonzo Gee,3.3 ,0.7 ,1.0 ,0.7 ,0.3 ,1.7 ,5.9 ,Guard Forward,Guard
 Amir Johnson,6.4 ,1.1 ,1.0 ,0.7 ,1.2 ,3.7 ,9.6 ,Forward Center,Forward
 Anderson Varejao,9.7 ,1.5 ,1.3 ,0.9 ,1.2 ,2.8 ,9.1 ,Forward Center,Forward
 Andray Blatche,8.2 ,2.3 ,2.7 ,1.5 ,0.8 ,2.8 ,16.8 ,Forward Center,Forward
 Andre Iguodala,5.8 ,6.3 ,2.1 ,1.5 ,0.6 ,1.6 ,14.1 ,Guard Forward,Guard
 Andre Miller,3.7 ,7.0 ,2.4 ,1.4 ,0.1 ,2.1 ,12.7 ,Guard,Guard
 Andrea Bargnani,5.2 ,1.8 ,2.3 ,0.5 ,0.7 ,2.4 ,21.4 ,Forward Center,Forward
 Andrei Kirilenko,5.1 ,3.0 ,1.8 ,1.3 ,1.2 ,1.8 ,11.7 ,Forward,Forward
 Andres Nocioni,3.1 ,0.8 ,0.9 ,0.3 ,0.3 ,1.9 ,6.1 ,Forward,Forward
 Andrew Bogut,11.1 ,2.0 ,1.9 ,0.7 ,2.6 ,3.3 ,12.8 ,Center,Center
 Andrew Bynum,9.4 ,1.4 ,1.4 ,0.4 ,2.0 ,2.6 ,11.3 ,Center,Center
 Andris Biedrins,7.2 ,1.0 ,1.0 ,0.9 ,0.9 ,3.4 ,5.0 ,Center,Center
 Antawn Jamison,6.7 ,1.7 ,1.4 ,0.9 ,0.5 ,2.4 ,18.0 ,Power Forward,Forward
 Anthony Morrow,3.0 ,1.2 ,0.9 ,0.3 ,0.1 ,2.3 ,13.2 ,Guard Forward,Guard
 Anthony Parker,3.0 ,3.0 ,1.1 ,0.9 ,0.1 ,1.5 ,8.3 ,Guard Forward,Guard
 Anthony Randolph,4.0 ,0.8 ,1.3 ,0.6 ,0.6 ,1.6 ,7.6 ,Forward Center,Forward
 Anthony Tolliver,4.5 ,1.3 ,0.8 ,0.4 ,0.4 ,2.2 ,6.7 ,Forward,Forward
 Antoine Wright,0.4 ,0.0 ,0.1 ,0.1 ,0.0 ,0.4 ,0.3 ,Guard Forward,Guard
 Antonio McDyess,5.4 ,1.2 ,1.0 ,0.5 ,0.5 ,2.2 ,5.3 ,Forward Center,Forward
 Arron Afflalo,3.6 ,2.4 ,1.0 ,0.5 ,0.4 ,2.2 ,12.6 ,Guard Forward,Guard
 Austin Daye,3.8 ,1.1 ,0.8 ,0.5 ,0.5 ,2.3 ,7.5 ,Forward,Forward
 Avery Bradley,0.5 ,0.4 ,0.5 ,0.3 ,0.0 ,0.6 ,1.7 ,Guard,Guard
 Ben Gordon,2.4 ,2.1 ,1.7 ,0.6 ,0.2 ,2.2 ,11.2 ,Shooting Guard,Guard
 Ben Uzoh,1.5 ,1.6 ,0.6 ,0.3 ,0.2 ,0.7 ,3.8 ,Guard,Guard
 Ben Wallace,6.5 ,1.3 ,0.8 ,1.0 ,1.0 ,1.5 ,2.9 ,Forward Center,Forward
 Beno Udrih,3.4 ,4.9 ,1.8 ,1.2 ,0.1 ,2.3 ,13.7 ,Point Guard,Guard
 Blake Griffin,12.1 ,3.8 ,2.7 ,0.8 ,0.5 ,3.1 ,22.5 ,Forward Center,Forward
 Bobby Simmons,0.0 ,1.0 ,0.0 ,0.0 ,0.0 ,1.0 ,0.0 ,Forward,Forward
 Boris Diaw,5.0 ,4.1 ,2.0 ,0.9 ,0.6 ,2.3 ,11.3 ,Forward Center,Forward
 Brad Miller,3.7 ,2.4 ,0.9 ,0.5 ,0.4 ,1.6 ,6.4 ,Center,Center
 Brandan Wright,2.4 ,0.3 ,0.4 ,0.3 ,0.5 ,0.9 ,3.8 ,Forward Center,Forward
 Brandon Bass,5.6 ,0.8 ,1.3 ,0.4 ,0.7 ,2.1 ,11.2 ,Forward Center,Forward
 Brandon Roy,2.6 ,2.7 ,1.2 ,0.8 ,0.3 ,1.6 ,12.2 ,Guard Forward,Guard
 Brandon Rush,3.2 ,0.9 ,1.0 ,0.6 ,0.5 ,1.6 ,9.1 ,Guard Forward,Guard
 Brendan Haywood,5.2 ,0.3 ,0.7 ,0.2 ,1.0 ,2.0 ,4.4 ,Center,Center
 Brian Cardinal,1.1 ,0.7 ,0.3 ,0.4 ,0.1 ,1.5 ,2.6 ,Forward,Forward
 Brian Cook,2.4 ,0.4 ,0.6 ,0.3 ,0.3 ,1.9 ,4.8 ,Power Forward,Forward
 Brian Scalabrine,0.4 ,0.3 ,0.3 ,0.2 ,0.2 ,1.0 ,1.1 ,Forward Center,Forward
 Brian Skinner,0.0 ,0.0 ,0.0 ,0.0 ,0.0 ,0.0 ,0.0 ,Forward Center,Forward
 Brook Lopez,6.0 ,1.6 ,2.1 ,0.6 ,1.5 ,2.9 ,20.4 ,Point Guard,Guard
 Byron Mullens,1.8 ,0.0 ,0.6 ,0.2 ,0.2 ,0.8 ,1.9 ,Forward Center,Forward
 C.J. Miles,3.3 ,1.7 ,1.2 ,0.9 ,0.5 ,2.8 ,12.8 ,Guard Forward,Guard
 C.J. Watson,1.1 ,2.3 ,0.9 ,0.7 ,0.1 ,1.0 ,4.9 ,Point Guard,Guard
 Carl Landry,4.6 ,0.8 ,1.4 ,0.5 ,0.4 ,2.6 ,11.9 ,Forward,Forward
 Carlos Boozer,9.6 ,2.5 ,2.5 ,0.8 ,0.3 ,3.2 ,17.5 ,Forward Center,Forward
 Carlos Delfino,4.1 ,2.3 ,1.2 ,1.6 ,0.2 ,1.5 ,11.5 ,Guard Forward,Guard
 Carmelo Anthony,7.3 ,2.9 ,2.7 ,0.9 ,0.6 ,2.9 ,25.6 ,Forward,Forward
 Caron Butler,4.1 ,1.6 ,1.7 ,1.0 ,0.3 ,2.0 ,15.0 ,Small Forward,Forward
 Cartier Martin,1.4 ,0.3 ,0.3 ,0.3 ,0.1 ,1.0 ,4.0 ,Guard Forward,Guard
 Channing Frye,6.7 ,1.2 ,0.9 ,0.6 ,1.0 ,3.5 ,12.7 ,Forward Center,Forward
 Charlie Bell,0.9 ,0.7 ,0.3 ,0.3 ,0.1 ,0.7 ,1.7 ,Guard Forward,Guard
 Charlie Villanueva,3.9 ,0.6 ,0.9 ,0.6 ,0.6 ,2.3 ,11.1 ,Power Forward,Forward
 Chase Budinger,3.6 ,1.6 ,0.9 ,0.5 ,0.2 ,1.5 ,9.8 ,Guard Forward,Guard
 Chauncey Billups,2.6 ,5.4 ,2.5 ,1.0 ,0.2 ,2.0 ,16.8 ,Guard,Guard
 Chris Andersen,4.9 ,0.4 ,0.6 ,0.5 ,1.3 ,1.8 ,5.6 ,Forward Center,Forward
 Chris Bosh,8.3 ,1.9 ,1.8 ,0.8 ,0.6 ,2.2 ,18.7 ,Forward Center,Forward
 Chris Douglas-Roberts,2.0 ,1.1 ,0.8 ,0.7 ,0.3 ,1.7 ,7.3 ,Guard Forward,Guard
 Chris Johnson,2.3 ,0.2 ,0.7 ,0.2 ,0.6 ,1.5 ,2.4 ,Center,Center
 Chris Kaman,7.0 ,1.4 ,1.8 ,0.5 ,1.5 ,2.3 ,12.4 ,Forward Center,Forward
 Chris Paul,4.1 ,9.8 ,2.2 ,2.4 ,0.1 ,2.5 ,15.9 ,Point Guard,Guard
 Chris Wilcox,4.8 ,0.8 ,0.8 ,0.5 ,0.3 ,2.5 ,7.4 ,Forward Center,Forward
 Christian Eyenga,2.8 ,0.8 ,1.1 ,0.8 ,0.6 ,1.8 ,6.9 ,Small Forward,Forward
 Chuck Hayes,8.1 ,2.7 ,1.2 ,1.1 ,0.7 ,2.7 ,7.9 ,Forward Center,Forward
 Cole Aldrich,1.9 ,0.2 ,0.4 ,0.3 ,0.4 ,1.7 ,1.0 ,Center,Center
 Corey Brewer,2.5 ,1.3 ,1.3 ,1.4 ,0.2 ,2.3 ,8.0 ,Guard Forward,Guard
 Corey Maggette,3.6 ,1.3 ,1.9 ,0.3 ,0.1 ,2.6 ,12.0 ,Forward,Forward
 Courtney Lee,2.6 ,1.2 ,0.8 ,0.7 ,0.2 ,1.3 ,8.3 ,Guard Forward,Guard
 Craig Brackins,1.3 ,0.3 ,0.0 ,0.3 ,0.0 ,1.0 ,2.7 ,Power Forward,Forward
 Craig Smith,2.4 ,0.6 ,0.7 ,0.3 ,0.1 ,1.8 ,5.4 ,Power Forward,Forward
 D.J. Augustin,2.7 ,6.1 ,1.9 ,0.7 ,0.0 ,1.9 ,14.4 ,Point Guard,Guard
 Daequan Cook,1.7 ,0.5 ,0.4 ,0.3 ,0.0 ,1.2 ,5.6 ,Guard Forward,Guard
 Dahntay Jones,1.4 ,0.7 ,0.7 ,0.4 ,0.2 ,1.6 ,6.3 ,Guard Forward,Guard
 DaJuan Summers,0.5 ,0.1 ,0.6 ,0.1 ,0.0 ,1.0 ,3.4 ,Forward,Forward
 Damien Wilkins,1.7 ,0.8 ,0.4 ,0.5 ,0.2 ,1.4 ,3.5 ,Guard Forward,Guard
 Damion James,3.4 ,0.8 ,1.0 ,0.6 ,0.5 ,1.4 ,4.4 ,Small Forward,Forward
 Dan Gadzuric,3.2 ,0.3 ,0.7 ,0.3 ,0.7 ,2.2 ,2.8 ,Forward Center,Forward
 Daniel Gibson,2.6 ,3.0 ,1.2 ,0.7 ,0.3 ,2.3 ,11.6 ,Guard,Guard
 Danilo Gallinari,4.9 ,1.7 ,1.3 ,0.8 ,0.4 ,2.3 ,15.6 ,Forward,Forward
 Danny Granger,5.4 ,2.6 ,2.6 ,1.1 ,0.8 ,2.7 ,20.5 ,Small Forward,Forward
 Danny Green,1.9 ,0.3 ,0.6 ,0.3 ,0.1 ,0.9 ,5.1 ,Guard Forward,Guard
 Dante Cunningham,3.6 ,0.6 ,0.7 ,0.7 ,0.6 ,2.3 ,6.2 ,Forward,Forward
 Darius Songaila,1.0 ,0.2 ,0.4 ,0.0 ,0.0 ,1.6 ,1.6 ,Forward Center,Forward
 Darko Milicic,5.2 ,1.5 ,2.2 ,0.8 ,2.0 ,3.3 ,8.8 ,Center,Center
 Darnell Jackson,1.6 ,0.2 ,0.4 ,0.2 ,0.1 ,1.0 ,3.2 ,Power Forward,Forward
 Darrell Arthur,4.3 ,0.7 ,1.1 ,0.7 ,0.8 ,2.9 ,9.1 ,Forward Center,Forward
 Darren Collison,2.8 ,5.1 ,2.5 ,1.1 ,0.2 ,1.4 ,13.2 ,Point Guard,Guard
 David Andersen,2.1 ,0.3 ,0.6 ,0.1 ,0.2 ,1.0 ,3.4 ,Forward Center,Forward
 David Lee,9.8 ,3.2 ,2.3 ,1.0 ,0.4 ,2.9 ,16.5 ,Forward Center,Forward
 David West,7.6 ,2.3 ,2.0 ,1.0 ,0.9 ,2.9 ,18.9 ,Power Forward,Forward
 DeAndre Jordan,7.2 ,0.5 ,1.3 ,0.5 ,1.8 ,3.2 ,7.1 ,Center,Center
 DeJuan Blair,7.0 ,1.0 ,1.4 ,1.2 ,0.5 ,2.6 ,8.3 ,Forward Center,Forward
 Delonte West,1.5 ,2.7 ,1.3 ,0.8 ,0.4 ,1.2 ,5.6 ,Guard,Guard
 DeMar DeRozan,3.8 ,1.8 ,1.8 ,1.0 ,0.4 ,2.6 ,17.2 ,Guard Forward,Guard
 DeMarcus Cousins,8.6 ,2.5 ,3.3 ,1.0 ,0.8 ,4.1 ,14.1 ,Forward Center,Forward
 DeMarre Carroll,0.7 ,0.3 ,0.0 ,0.1 ,0.1 ,0.4 ,0.8 ,Forward,Forward
 Derek Fisher,1.9 ,2.7 ,0.9 ,1.2 ,0.1 ,2.3 ,6.8 ,Point Guard,Guard
 Derrick Brown,2.0 ,0.7 ,0.7 ,0.4 ,0.2 ,1.2 ,3.8 ,Forward,Forward
 Derrick Caracter,1.0 ,0.2 ,0.5 ,0.1 ,0.2 ,1.1 ,2.0 ,Power Forward,Forward
 Derrick Favors,5.3 ,0.5 ,1.0 ,0.4 ,0.9 ,3.2 ,6.8 ,Forward Center,Forward
 DeSagana Diop,2.5 ,0.4 ,0.7 ,0.3 ,0.9 ,1.6 ,1.3 ,Center,Center
 DeShawn Stevenson,1.5 ,1.1 ,0.6 ,0.3 ,0.1 ,1.0 ,5.3 ,Shooting Guard,Guard
 Devin Ebanks,1.4 ,0.1 ,0.3 ,0.2 ,0.3 ,0.4 ,3.1 ,Guard Forward,Guard
 Devin Harris,2.4 ,7.1 ,2.9 ,1.0 ,0.1 ,2.3 ,15.2 ,Guard,Guard
 Dexter Pittman,1.5 ,0.0 ,1.0 ,0.0 ,0.0 ,1.0 ,1.0 ,Center,Center
 Dirk Nowitzki,7.0 ,2.6 ,1.9 ,0.5 ,0.6 ,2.4 ,23.0 ,Forward Center,Forward
 DJ Mbenga,2.1 ,0.1 ,0.5 ,0.1 ,0.7 ,1.3 ,1.4 ,Center,Center
 DJ White,3.4 ,0.4 ,0.3 ,0.3 ,0.4 ,1.6 ,5.7 ,Power Forward,Forward
 Dominic McGuire,3.8 ,0.8 ,0.5 ,0.2 ,0.6 ,1.8 ,3.3 ,Forward,Forward
 Dominique Jones,1.4 ,1.1 ,0.6 ,0.3 ,0.2 ,0.4 ,2.3 ,Guard,Guard
 Donte Greene,2.1 ,0.7 ,0.9 ,0.5 ,0.3 ,1.3 ,5.8 ,Forward,Forward
 Dorell Wright,5.3 ,3.0 ,1.6 ,1.5 ,0.8 ,2.1 ,16.4 ,Guard Forward,Guard
 Drew Gooden,6.8 ,1.3 ,1.3 ,0.6 ,0.5 ,2.8 ,11.3 ,Forward Center,Forward
 Dwight Howard,14.1 ,1.4 ,3.6 ,1.4 ,2.4 ,3.3 ,22.9 ,Forward Center,Forward
 Earl Barron,3.6 ,0.5 ,0.8 ,0.4 ,0.3 ,2.2 ,3.8 ,Forward Center,Forward
 Earl Clark,2.4 ,0.2 ,0.7 ,0.2 ,0.4 ,1.1 ,3.9 ,Forward,Forward
 Earl Watson,2.3 ,3.5 ,1.5 ,0.8 ,0.2 ,1.8 ,4.3 ,Point Guard,Guard
 Ed Davis,7.1 ,0.6 ,0.7 ,0.6 ,1.0 ,2.8 ,7.7 ,Forward Center,Forward
 Eddie House,1.6 ,1.1 ,0.5 ,0.6 ,0.1 ,1.2 ,6.5 ,Guard,Guard
 Eduardo Najera,1.4 ,0.6 ,0.4 ,0.4 ,0.2 ,1.7 ,2.2 ,Forward Center,Forward
 Ekpe Udoh,3.1 ,0.7 ,0.8 ,0.4 ,1.5 ,2.5 ,4.1 ,Forward Center,Forward
 Elton Brand,8.3 ,1.5 ,1.2 ,1.1 ,1.3 ,3.0 ,15.0 ,Forward Center,Forward
 Emeka Okafor,9.5 ,0.6 ,1.7 ,0.6 ,1.8 ,3.2 ,10.3 ,Center,Center
 Eric Bledsoe,2.8 ,3.6 ,2.4 ,1.1 ,0.3 ,1.6 ,6.7 ,Guard,Guard
 Eric Gordon,2.9 ,4.4 ,2.7 ,1.3 ,0.3 ,2.1 ,22.3 ,Shooting Guard,Guard
 Eric Maynor,1.5 ,2.9 ,0.9 ,0.4 ,0.1 ,1.2 ,4.2 ,Point Guard,Guard
 Erick Dampier,3.5 ,0.4 ,0.6 ,0.3 ,0.9 ,1.6 ,2.5 ,Center,Center
 Ersan Ilyasova,6.1 ,0.9 ,1.1 ,0.9 ,0.4 ,2.7 ,9.5 ,Forward,Forward
 Etan Thomas,1.8 ,0.2 ,0.4 ,0.1 ,0.3 ,0.8 ,2.5 ,Forward Center,Forward
 Evan Turner,3.9 ,2.0 ,1.0 ,0.6 ,0.2 ,1.8 ,7.2 ,Guard Forward,Guard
 Fabricio Oberto,1.4 ,0.0 ,0.6 ,0.0 ,0.0 ,2.0 ,1.4 ,Forward Center,Forward
 Francisco Elson,1.9 ,0.5 ,0.5 ,0.3 ,0.2 ,1.4 ,2.2 ,Forward Center,Forward
 Francisco Garcia,2.3 ,1.2 ,0.8 ,0.9 ,0.8 ,2.2 ,9.7 ,Guard Forward,Guard
 Gani Lawal,0.0 ,0.0 ,0.0 ,0.0 ,0.0 ,1.0 ,0.0 ,Power Forward,Forward
 Garret Siler,1.3 ,0.1 ,0.5 ,0.0 ,0.2 ,1.0 ,2.1 ,Center,Center
 Garrett Temple,1.0 ,1.3 ,1.0 ,0.5 ,0.3 ,1.0 ,2.4 ,Guard,Guard
 Gary Forbes,1.8 ,0.8 ,0.7 ,0.4 ,0.1 ,1.2 ,5.2 ,Guard Forward,Guard
 Gary Neal,2.5 ,1.2 ,1.0 ,0.3 ,0.1 ,1.9 ,9.8 ,Guard,Guard
 George Hill,2.6 ,2.5 ,1.3 ,0.9 ,0.3 ,2.0 ,11.6 ,Guard,Guard
 Gerald Henderson,3.0 ,1.5 ,0.9 ,0.7 ,0.5 ,1.7 ,9.6 ,Guard Forward,Guard
 Gerald Wallace,8.0 ,2.4 ,2.1 ,1.5 ,0.9 ,2.6 ,15.7 ,Forward,Forward
 Gilbert Arenas,2.7 ,3.9 ,2.5 ,1.1 ,0.3 ,2.7 ,10.8 ,Guard,Guard
 Glen Davis,5.4 ,1.2 ,1.1 ,1.0 ,0.4 ,3.0 ,11.7 ,Forward Center,Forward
 Goran Dragic,2.0 ,2.9 ,1.7 ,0.7 ,0.1 ,1.8 ,7.5 ,Guard,Guard
 Gordon Hayward,1.9 ,1.1 ,1.0 ,0.4 ,0.3 ,1.5 ,5.4 ,Guard Forward,Guard
 Grant Hill,4.2 ,2.5 ,1.7 ,0.8 ,0.4 ,2.3 ,13.2 ,Forward,Forward
 Greg Monroe,7.5 ,1.3 ,1.0 ,1.2 ,0.6 ,2.5 ,9.4 ,Forward Center,Forward
 Greivis Vasquez,1.0 ,2.2 ,1.0 ,0.3 ,0.1 ,1.2 ,3.6 ,Guard,Guard
 Hakim Warrick,3.7 ,0.9 ,1.0 ,0.4 ,0.1 ,1.3 ,8.4 ,Power Forward,Forward
 Hamady Ndiaye,0.4 ,0.0 ,0.2 ,0.1 ,0.3 ,1.1 ,0.9 ,Center,Center
 Hamed Haddadi,2.2 ,0.2 ,0.4 ,0.1 ,0.4 ,0.9 ,2.4 ,Center,Center
 Hasheem Thabeet,1.6 ,0.1 ,0.4 ,0.2 ,0.3 ,1.6 ,1.1 ,Center,Center
 Hassan Whiteside,0.0 ,0.0 ,0.0 ,0.0 ,0.0 ,2.0 ,0.0 ,Center,Center
 Hedo Turkoglu,4.4 ,4.2 ,1.6 ,0.9 ,0.4 ,3.0 ,10.8 ,Forward,Forward
 Henry Walker,2.0 ,0.6 ,0.6 ,0.3 ,0.1 ,1.3 ,4.9 ,Guard Forward,Guard
 Hilton Armstrong,2.5 ,0.3 ,0.5 ,0.3 ,0.4 ,1.6 ,1.7 ,Forward Center,Forward
 Ian Mahinmi,2.1 ,0.1 ,0.4 ,0.3 ,0.3 ,1.9 ,3.1 ,Center,Center
 Ike Diogu,3.2 ,0.1 ,0.6 ,0.1 ,0.1 ,2.0 ,5.8 ,Forward Center,Forward
 Ime Udoka,1.0 ,0.7 ,0.3 ,0.4 ,0.1 ,0.7 ,0.7 ,Guard Forward,Guard
 J.J. Barea,2.0 ,3.9 ,1.7 ,0.4 ,0.0 ,1.7 ,9.5 ,Guard,Guard
 J.J. Hickson,8.7 ,1.1 ,2.2 ,0.6 ,0.7 ,2.7 ,13.8 ,Forward Center,Forward
 J.J. Redick,1.9 ,1.7 ,0.9 ,0.5 ,0.1 ,1.4 ,10.1 ,Shooting Guard,Guard
 J.R. Smith,4.1 ,2.2 ,1.3 ,1.2 ,0.2 ,2.2 ,12.3 ,Guard Forward,Guard
 Jamaal Magloire,3.4 ,0.2 ,0.3 ,0.2 ,0.1 ,1.4 ,1.9 ,Center,Center
 Jamal Crawford,1.7 ,3.2 ,1.9 ,0.8 ,0.2 ,1.3 ,14.2 ,Guard Forward,Guard
 Jamario Moon,2.8 ,0.9 ,0.4 ,0.5 ,0.6 ,1.1 ,4.3 ,Small Forward,Forward
 Jameer Nelson,3.0 ,6.0 ,2.6 ,1.0 ,0.0 ,2.8 ,13.1 ,Point Guard,Guard
 James Anderson,0.9 ,0.7 ,0.5 ,0.1 ,0.2 ,0.9 ,3.6 ,Guard Forward,Guard
 James Harden,3.1 ,2.1 ,1.3 ,1.1 ,0.3 ,2.5 ,12.2 ,Guard,Guard
 James Johnson,3.7 ,2.3 ,1.7 ,0.9 ,1.0 ,2.5 ,7.1 ,Forward,Forward
 James Jones,2.0 ,0.5 ,0.3 ,0.4 ,0.2 ,1.6 ,5.9 ,Guard Forward,Guard
 James Posey,3.0 ,0.7 ,0.5 ,0.5 ,0.1 ,2.1 ,4.9 ,Small Forward,Forward
 Jared Dudley,3.9 ,1.3 ,0.9 ,1.1 ,0.2 ,1.7 ,10.6 ,Forward,Forward
 Jared Jeffries,2.8 ,0.9 ,0.5 ,0.7 ,0.4 ,1.8 ,1.8 ,Forward Center,Forward
 Jarrett Jack,2.1 ,2.9 ,1.3 ,0.7 ,0.1 ,1.2 ,8.9 ,Guard,Guard
 Jarron Collins,0.9 ,0.1 ,0.3 ,0.1 ,0.0 ,1.0 ,0.7 ,Center,Center
 Jason Collins,2.1 ,0.4 ,0.5 ,0.2 ,0.2 ,2.0 ,2.0 ,Forward Center,Forward
 Jason Kapono,0.5 ,0.2 ,0.1 ,0.1 ,0.0 ,0.2 ,0.7 ,Guard Forward,Guard
 Jason Kidd,4.4 ,8.2 ,2.2 ,1.7 ,0.4 ,1.5 ,7.9 ,Guard,Guard
 Jason Maxiell,3.0 ,0.3 ,0.8 ,0.4 ,0.4 ,1.6 ,4.2 ,Forward Center,Forward
 Jason Richardson,4.1 ,1.8 ,1.2 ,1.2 ,0.2 ,2.0 ,15.6 ,Guard Forward,Guard
 Jason Smith,3.1 ,0.5 ,0.7 ,0.3 ,0.4 ,1.9 ,4.3 ,Forward Center,Forward
 Jason Terry,1.9 ,4.1 ,2.0 ,1.1 ,0.2 ,1.7 ,15.8 ,Guard,Guard
 Jason Thompson,6.1 ,1.2 ,1.3 ,0.4 ,0.6 ,2.8 ,8.8 ,Forward Center,Forward
 JaVale McGee,8.0 ,0.5 ,1.3 ,0.5 ,2.4 ,2.9 ,10.1 ,Center,Center
 Jawad Williams,1.8 ,0.8 ,0.6 ,0.3 ,0.1 ,1.3 ,4.0 ,Guard Forward,Guard
 Jeff Adrien,2.5 ,0.4 ,0.4 ,0.2 ,0.2 ,1.2 ,2.5 ,Forward,Forward
 Jeff Foster,6.3 ,0.8 ,0.5 ,0.4 ,0.6 ,2.3 ,3.3 ,Forward Center,Forward
 Jeff Green,4.8 ,1.4 ,1.3 ,0.7 ,0.5 ,2.8 ,13.3 ,Guard Forward,Guard
 Jeff Teague,1.5 ,2.0 ,0.9 ,0.6 ,0.4 ,1.2 ,5.2 ,Point Guard,Guard
 Jeremy Evans,2.0 ,0.5 ,0.4 ,0.3 ,0.3 ,1.0 ,3.6 ,Forward,Forward
 Jeremy Lin,1.2 ,1.4 ,0.6 ,1.1 ,0.3 ,1.1 ,2.6 ,Guard,Guard
 Jermaine O'Neal,3.7 ,0.5 ,1.1 ,0.1 ,1.3 ,2.7 ,5.4 ,Center,Center
 Jermaine Taylor,1.8 ,0.9 ,1.4 ,0.4 ,0.1 ,1.1 ,6.6 ,Shooting Guard,Guard
 Jerry Stackhouse,1.0 ,0.4 ,0.3 ,0.0 ,0.3 ,0.4 ,1.7 ,Guard Forward,Guard
 Jerryd Bayless,2.3 ,3.7 ,1.8 ,0.5 ,0.1 ,2.1 ,9.2 ,Guard,Guard
 Joakim Noah,10.4 ,2.2 ,1.9 ,1.0 ,1.5 ,3.3 ,11.7 ,Forward Center,Forward
 Jodie Meeks,2.3 ,1.1 ,0.8 ,0.9 ,0.1 ,1.3 ,10.5 ,Shooting Guard,Guard
 Joe Johnson,4.0 ,4.7 ,2.0 ,0.7 ,0.1 ,1.8 ,18.2 ,Guard Forward,Guard
 Joe Smith,1.3 ,0.3 ,0.3 ,0.0 ,0.3 ,0.8 ,0.5 ,Forward Center,Forward
 Joel Anthony,3.5 ,0.3 ,0.5 ,0.1 ,1.2 ,2.6 ,2.0 ,Forward Center,Forward
 Joel Przybilla,4.0 ,0.4 ,0.8 ,0.1 ,0.4 ,2.2 ,1.8 ,Center,Center
 Joey Dorsey,4.4 ,0.6 ,0.9 ,0.6 ,0.4 ,1.8 ,3.1 ,Forward Center,Forward
 Joey Graham,2.2 ,0.5 ,0.7 ,0.2 ,0.2 ,1.9 ,5.2 ,Guard Forward,Guard
 Johan Petro,2.8 ,0.6 ,0.6 ,0.4 ,0.4 ,2.3 ,3.5 ,Forward Center,Forward
 John Salmons,3.6 ,3.5 ,1.9 ,1.0 ,0.4 ,2.2 ,14.0 ,Guard Forward,Guard
 Jon Brockman,2.9 ,0.3 ,0.4 ,0.2 ,0.0 ,1.9 ,2.2 ,Forward Center,Forward
 Jordan Crawford,2.5 ,2.8 ,2.0 ,0.9 ,0.1 ,1.5 ,11.7 ,Guard,Guard
 Jordan Farmar,2.4 ,5.0 ,1.9 ,0.8 ,0.1 ,1.8 ,9.6 ,Point Guard,Guard
 Jordan Hill,4.3 ,0.4 ,0.9 ,0.2 ,0.7 ,2.2 ,5.6 ,Forward Center,Forward
 Josh Childress,2.9 ,0.8 ,0.8 ,0.6 ,0.4 ,1.3 ,5.0 ,Guard Forward,Guard
 Josh Howard,4.1 ,1.3 ,1.1 ,0.7 ,0.3 ,1.9 ,8.4 ,Guard Forward,Guard
 Josh McRoberts,5.3 ,2.1 ,1.3 ,0.7 ,0.8 ,2.3 ,7.4 ,Forward Center,Forward
 Josh Powell,2.5 ,0.4 ,1.0 ,0.1 ,0.1 ,1.4 ,4.1 ,Forward Center,Forward
 Josh Smith,8.5 ,3.3 ,2.6 ,1.3 ,1.6 ,2.8 ,16.5 ,Forward,Forward
 Jrue Holiday,4.0 ,6.5 ,2.7 ,1.5 ,0.4 ,2.5 ,14.0 ,Point Guard,Guard
 Julian Wright,2.3 ,1.1 ,0.8 ,0.8 ,0.4 ,0.9 ,3.6 ,Forward,Forward
 Juwan Howard,2.1 ,0.4 ,0.4 ,0.2 ,0.1 ,1.1 ,2.4 ,Power Forward,Forward
 Keith Bogans,1.8 ,1.2 ,0.5 ,0.5 ,0.1 ,1.4 ,4.4 ,Guard Forward,Guard
 Kendrick Perkins,8.0 ,0.9 ,1.9 ,0.3 ,0.9 ,3.1 ,6.0 ,Center,Center
 Kenyon Martin,6.2 ,2.3 ,1.2 ,0.9 ,0.7 ,2.8 ,8.6 ,Forward Center,Forward
 Kevin Garnett,8.9 ,2.4 ,1.6 ,1.3 ,0.8 ,2.1 ,14.9 ,Forward Center,Forward
 Kevin Love,15.2 ,2.5 ,2.1 ,0.6 ,0.4 ,2.0 ,20.2 ,Forward Center,Forward
 Kevin Martin,3.2 ,2.5 ,2.3 ,1.0 ,0.2 ,1.9 ,23.5 ,Guard Forward,Guard
 Kevin Seraphin,2.6 ,0.2 ,0.7 ,0.3 ,0.5 ,2.2 ,2.7 ,Forward Center,Forward
 Keyon Dooling,1.5 ,3.0 ,1.1 ,0.7 ,0.1 ,1.5 ,7.1 ,Guard,Guard
 Kirk Hinrich,2.5 ,4.0 ,1.7 ,1.0 ,0.2 ,2.6 ,10.2 ,Guard,Guard
 Kobe Bryant,5.1 ,4.7 ,3.0 ,1.2 ,0.1 ,2.1 ,25.3 ,Point Guard,Guard
 Kosta Koufos,2.6 ,0.1 ,0.6 ,0.2 ,0.5 ,1.2 ,3.2 ,Forward Center,Forward
 Kris Humphries,10.4 ,1.1 ,1.4 ,0.4 ,1.1 ,2.3 ,10.0 ,Forward Center,Forward
 Kurt Thomas,5.8 ,1.2 ,0.8 ,0.6 ,0.8 ,3.2 ,4.1 ,Forward Center,Forward
 Kwame Brown,6.8 ,0.7 ,1.0 ,0.4 ,0.6 ,2.6 ,7.9 ,Center,Center
 Kyle Korver,1.8 ,1.5 ,0.7 ,0.4 ,0.2 ,1.9 ,8.3 ,Guard Forward,Guard
 Kyle Lowry,4.1 ,6.7 ,2.1 ,1.4 ,0.3 ,2.8 ,13.5 ,Point Guard,Guard
 Kyle Weaver,2.0 ,1.4 ,1.4 ,0.4 ,0.4 ,0.6 ,5.6 ,Guard Forward,Guard
 Kyrylo Fesenko,2.0 ,0.3 ,0.5 ,0.1 ,0.3 ,1.7 ,2.0 ,Center,Center
 Lamar Odom,8.7 ,3.0 ,1.7 ,0.6 ,0.7 ,2.4 ,14.4 ,Forward,Forward
 LaMarcus Aldridge,8.8 ,2.1 ,1.9 ,1.0 ,1.2 ,2.7 ,21.8 ,Forward Center,Forward
 Lance Stephenson,1.5 ,1.8 ,1.3 ,0.3 ,0.0 ,1.2 ,3.1 ,Guard Forward,Guard
 Landry Fields,6.4 ,1.9 ,1.3 ,1.0 ,0.2 ,1.4 ,9.7 ,Guard Forward,Guard
 Larry Owens,1.3 ,0.7 ,0.4 ,0.8 ,0.4 ,1.5 ,3.3 ,Guard Forward,Guard
 Larry Sanders,3.0 ,0.3 ,0.6 ,0.4 ,1.2 ,2.0 ,4.3 ,Forward Center,Forward
 Lazar Hayward,1.7 ,0.7 ,0.5 ,0.3 ,0.2 ,1.0 ,3.8 ,Small Forward,Forward
 Leandro Barbosa,1.7 ,2.1 ,1.4 ,0.9 ,0.1 ,1.9 ,13.3 ,Guard,Guard
 LeBron James,7.5 ,7.0 ,3.6 ,1.6 ,0.6 ,2.1 ,26.7 ,Forward,Forward
 Leon Powe,2.1 ,0.2 ,0.4 ,0.3 ,0.1 ,1.5 ,5.3 ,Forward Center,Forward
 Lester Hudson,0.5 ,1.5 ,0.6 ,0.4 ,0.1 ,0.9 ,1.6 ,Guard,Guard
 Linas Kleiza,4.5 ,1.0 ,1.7 ,0.5 ,0.2 ,2.5 ,11.2 ,Small Forward,Forward
 Lou Williams,2.0 ,3.4 ,1.4 ,0.6 ,0.2 ,1.7 ,13.7 ,Guard,Guard
 Louis Amundson,4.0 ,0.4 ,0.5 ,0.3 ,0.7 ,1.9 ,4.3 ,Power Forward,Forward
 Luc Richard Mbah a Moute,5.3 ,0.9 ,1.0 ,0.9 ,0.4 ,2.3 ,6.7 ,Forward,Forward
 Luis Scola,8.2 ,2.5 ,2.0 ,0.6 ,0.6 ,3.1 ,18.3 ,Forward Center,Forward
 Luke Babbitt,1.3 ,0.3 ,0.3 ,0.1 ,0.1 ,0.6 ,1.5 ,Small Forward,Forward
 Luke Harangody,2.9 ,0.6 ,0.3 ,0.3 ,0.3 ,1.6 ,3.9 ,Power Forward,Forward
 Luke Ridnour,2.8 ,5.4 ,2.2 ,1.3 ,0.1 ,2.1 ,11.8 ,Guard,Guard
 Luke Walton,1.2 ,1.1 ,0.6 ,0.2 ,0.1 ,0.7 ,1.7 ,Small Forward,Forward
 Luol Deng,5.8 ,2.8 ,1.9 ,1.0 ,0.6 ,2.0 ,17.4 ,Forward,Forward
 Luther Head,1.7 ,1.9 ,0.9 ,0.3 ,0.3 ,1.2 ,5.6 ,Guard,Guard
 Malik Allen,1.8 ,0.2 ,0.2 ,0.1 ,0.2 ,1.7 ,1.3 ,Forward Center,Forward
 Manny Harris,2.6 ,1.6 ,1.2 ,0.6 ,0.1 ,1.2 ,5.9 ,Shooting Guard,Guard
 Manu Ginobili,3.7 ,4.9 ,2.2 ,1.5 ,0.4 ,2.0 ,17.4 ,Guard Forward,Guard
 Marc Gasol,7.0 ,2.5 ,1.8 ,0.9 ,1.7 ,3.3 ,11.7 ,Center,Center
 Marcin Gortat,7.9 ,0.9 ,1.0 ,0.5 ,1.1 ,2.4 ,10.2 ,Center,Center
 Marco Belinelli,1.9 ,1.2 ,1.0 ,0.5 ,0.1 ,1.8 ,10.5 ,Guard Forward,Guard
 Marcus Camby,10.3 ,2.1 ,1.1 ,0.7 ,1.6 ,2.4 ,4.7 ,Forward Center,Forward
 Marcus Cousin,0.8 ,0.0 ,0.3 ,0.0 ,0.3 ,0.3 ,1.0 ,Center,Center
 Marcus Thornton,3.5 ,1.8 ,1.3 ,0.9 ,0.1 ,1.5 ,12.8 ,Guard Forward,Guard
 Mario Chalmers,2.1 ,2.5 ,1.3 ,1.1 ,0.1 ,2.3 ,6.4 ,Guard,Guard
 Mario West,1.8 ,1.7 ,0.3 ,1.2 ,0.0 ,2.2 ,3.7 ,Guard Forward,Guard
 Marquis Daniels,2.3 ,1.3 ,0.8 ,0.8 ,0.4 ,1.3 ,5.5 ,Guard Forward,Guard
 Marreese Speights,3.3 ,0.5 ,0.6 ,0.1 ,0.3 ,1.9 ,5.4 ,Forward Center,Forward
 Martell Webster,3.2 ,1.2 ,1.3 ,0.6 ,0.2 ,2.2 ,9.8 ,Guard Forward,Guard
 Marvin Williams,4.8 ,1.4 ,1.0 ,0.5 ,0.4 ,1.6 ,10.4 ,Forward,Forward
 Matt Barnes,4.3 ,1.3 ,1.1 ,0.7 ,0.4 ,2.4 ,6.7 ,Guard Forward,Guard
 Matt Bonner,3.6 ,0.9 ,0.4 ,0.4 ,0.3 ,1.7 ,7.3 ,Forward Center,Forward
 Matt Carroll,1.3 ,0.4 ,0.4 ,0.3 ,0.1 ,0.8 ,4.4 ,Guard Forward,Guard
 Maurice Ager,0.5 ,0.3 ,1.0 ,0.3 ,0.0 ,1.0 ,3.8 ,Guard Forward,Guard
 Maurice Evans,2.1 ,0.6 ,0.5 ,0.5 ,0.2 ,1.8 ,6.3 ,Guard Forward,Guard
 Mehmet Okur,2.3 ,1.5 ,0.5 ,0.3 ,0.3 ,1.4 ,4.9 ,Center,Center
 Melvin Ely,2.5 ,0.5 ,0.5 ,0.1 ,0.4 ,1.7 ,2.3 ,Forward Center,Forward
 Metta World Peace,3.3 ,2.1 ,1.1 ,1.5 ,0.4 ,2.2 ,8.5 ,Forward,Forward
 Michael Beasley,5.6 ,2.2 ,2.7 ,0.7 ,0.7 ,3.0 ,19.2 ,Forward,Forward
 Michael Redd,0.8 ,1.2 ,0.4 ,0.2 ,0.1 ,0.4 ,4.4 ,Guard Forward,Guard
 Mickael Pietrus,2.2 ,0.6 ,0.7 ,0.5 ,0.4 ,1.8 ,7.2 ,Guard Forward,Guard
 Mike Bibby,2.4 ,3.3 ,1.3 ,0.6 ,0.1 ,2.2 ,8.6 ,Point Guard,Guard
 Mike Conley,3.0 ,6.5 ,2.2 ,1.8 ,0.2 ,2.2 ,13.7 ,Point Guard,Guard
 Mike Dunleavy,4.5 ,1.7 ,1.1 ,0.7 ,0.5 ,1.8 ,11.2 ,Guard Forward,Guard
 Mike Harris,1.3 ,0.3 ,0.3 ,0.0 ,0.3 ,0.5 ,2.0 ,Small Forward,Forward
 Mike Miller,4.5 ,1.2 ,1.0 ,0.5 ,0.0 ,2.1 ,5.6 ,Guard Forward,Guard
 Mo Williams,2.6 ,6.6 ,2.9 ,0.9 ,0.2 ,2.6 ,14.0 ,Guard,Guard
 Monta Ellis,3.5 ,5.6 ,3.2 ,2.1 ,0.3 ,2.5 ,24.1 ,Guard,Guard
 Morris Peterson,0.8 ,0.3 ,0.0 ,0.0 ,0.0 ,1.3 ,1.0 ,Shooting Guard,Guard
 Nate Robinson,1.5 ,1.9 ,1.2 ,0.5 ,0.1 ,1.9 ,6.8 ,Guard,Guard
 Nazr Mohammed,4.9 ,0.3 ,0.9 ,0.4 ,0.7 ,2.5 ,7.1 ,Center,Center
 Nenad Krstic,4.7 ,0.4 ,0.8 ,0.4 ,0.4 ,2.6 ,8.1 ,Center,Center
 Nene Hilario,7.6 ,2.0 ,1.8 ,1.1 ,1.0 ,3.2 ,14.5 ,Forward Center,Forward
 Nick Collison,4.5 ,1.0 ,0.8 ,0.6 ,0.4 ,3.0 ,4.6 ,Forward Center,Forward
 Nick Young,2.7 ,1.2 ,1.4 ,0.7 ,0.3 ,2.3 ,17.4 ,Guard Forward,Guard
 Nicolas Batum,4.5 ,1.5 ,1.0 ,0.9 ,0.6 ,2.4 ,12.4 ,Guard Forward,Guard
 Nikola Pekovic,3.0 ,0.4 ,1.4 ,0.3 ,0.5 ,2.8 ,5.5 ,Center,Center
 O.J. Mayo,2.4 ,2.0 ,1.4 ,1.0 ,0.4 ,1.8 ,11.3 ,Guard,Guard
 Omer Asik,3.7 ,0.4 ,0.8 ,0.2 ,0.7 ,1.9 ,2.8 ,Forward Center,Forward
 Omri Casspi,4.3 ,1.0 ,1.0 ,0.8 ,0.2 ,1.6 ,8.6 ,Forward,Forward
 Othyus Jeffers,3.9 ,1.2 ,0.8 ,1.0 ,0.0 ,1.9 ,5.5 ,Guard Forward,Guard
 Pape Sy,1.0 ,0.7 ,1.0 ,0.3 ,0.0 ,0.3 ,2.3 ,Guard Forward,Guard
 Patrick Ewing Jr.,0.3 ,0.3 ,0.1 ,0.0 ,0.1 ,0.1 ,0.4 ,Small Forward,Forward
 Patrick Patterson,3.8 ,0.8 ,0.6 ,0.3 ,0.7 ,1.5 ,6.3 ,Forward Center,Forward
 Pau Gasol,10.2 ,3.3 ,1.7 ,0.6 ,1.6 ,2.5 ,18.8 ,Forward Center,Forward
 Paul George,3.7 ,1.1 ,1.1 ,1.0 ,0.4 ,2.1 ,7.8 ,Forward,Forward
 Paul Millsap,7.6 ,2.5 ,1.9 ,1.4 ,0.9 ,3.6 ,17.3 ,Forward Center,Forward
 Paul Pierce,5.4 ,3.3 ,2.1 ,1.0 ,0.6 ,2.9 ,18.9 ,Forward,Forward
 Peja Stojakovic,2.3 ,0.9 ,0.5 ,0.4 ,0.1 ,0.7 ,8.5 ,Guard Forward,Guard
 Pops Mensah-Bonsu,1.6 ,0.3 ,0.3 ,0.0 ,0.0 ,1.6 ,0.3 ,Forward,Forward
 Quentin Richardson,3.1 ,0.7 ,0.6 ,0.4 ,0.1 ,1.3 ,4.4 ,Shooting Guard,Guard
 Quincy Pondexter,1.3 ,0.4 ,0.2 ,0.3 ,0.2 ,1.0 ,2.8 ,Guard Forward,Guard
 Quinton Ross,0.8 ,0.3 ,0.2 ,0.1 ,0.2 ,1.1 ,1.6 ,Guard Forward,Guard
 Raja Bell,2.6 ,1.7 ,0.9 ,0.8 ,0.2 ,2.5 ,8.0 ,Shooting Guard,Guard
 Ramon Sessions,3.1 ,5.2 ,2.2 ,0.7 ,0.1 ,1.1 ,13.3 ,Guard,Guard
 Randy Foye,1.6 ,2.7 ,1.5 ,0.7 ,0.3 ,1.9 ,9.8 ,Guard,Guard
 Rashard Lewis,5.1 ,1.6 ,1.5 ,0.9 ,0.5 ,2.8 ,11.7 ,Forward,Forward
 Rasual Butler,1.6 ,0.6 ,0.5 ,0.2 ,0.3 ,0.8 ,4.7 ,Guard Forward,Guard
 Ray Allen,3.4 ,2.7 ,1.5 ,1.0 ,0.2 ,1.8 ,16.5 ,Shooting Guard,Guard
 Raymond Felton,3.6 ,8.3 ,2.9 ,1.7 ,0.1 ,2.0 ,15.5 ,Guard,Guard
 Reggie Evans,11.5 ,1.3 ,1.3 ,1.0 ,0.2 ,3.0 ,4.4 ,Forward Center,Forward
 Reggie Williams,2.7 ,1.5 ,0.7 ,0.4 ,0.0 ,1.6 ,9.2 ,Guard Forward,Guard
 Renaldo Balkman,0.9 ,0.3 ,0.1 ,0.5 ,0.3 ,1.9 ,2.0 ,Forward,Forward
 Richard Hamilton,2.3 ,3.1 ,1.6 ,0.7 ,0.1 ,1.7 ,14.1 ,Shooting Guard,Guard
 Richard Jefferson,3.8 ,1.3 ,1.1 ,0.5 ,0.4 ,2.0 ,11.0 ,Guard Forward,Guard
 Robin Lopez,3.2 ,0.1 ,0.7 ,0.3 ,0.7 ,2.1 ,6.4 ,Center,Center
 Rodney Carney,1.8 ,0.4 ,0.6 ,0.4 ,0.2 ,1.2 ,4.7 ,Guard Forward,Guard
 Rodney Stuckey,3.1 ,5.2 ,2.2 ,1.1 ,0.1 ,2.5 ,15.5 ,Guard,Guard
 Rodrigue Beaubois,1.9 ,2.3 ,1.7 ,0.7 ,0.3 ,2.7 ,8.4 ,Guard,Guard
 Roger Mason Jr.,1.7 ,0.8 ,0.2 ,0.2 ,0.1 ,1.0 ,2.9 ,Shooting Guard,Guard
 Ronald Dupree,1.0 ,0.3 ,0.0 ,0.0 ,0.0 ,0.7 ,0.7 ,Small Forward,Forward
 Ronnie Brewer,3.2 ,1.7 ,0.7 ,1.3 ,0.3 ,1.0 ,6.2 ,Guard Forward,Guard
 Ronnie Price,1.0 ,0.9 ,0.9 ,0.7 ,0.1 ,1.8 ,3.3 ,Guard,Guard
 Ronny Turiaf,3.2 ,1.4 ,0.6 ,0.5 ,1.1 ,2.5 ,4.2 ,Forward Center,Forward
 Roy Hibbert,7.5 ,2.0 ,2.3 ,0.4 ,1.8 ,3.2 ,12.7 ,Center,Center
 Royal Ivey,0.6 ,0.3 ,0.2 ,0.2 ,0.0 ,0.7 ,1.6 ,Shooting Guard,Guard
 Rudy Fernandez,2.2 ,2.5 ,1.1 ,1.1 ,0.2 ,1.7 ,8.6 ,Guard Forward,Guard
 Rudy Gay,6.2 ,2.8 ,2.5 ,1.7 ,1.1 ,2.4 ,19.8 ,Forward,Forward
 Russell Westbrook,4.6 ,8.2 ,3.9 ,1.9 ,0.4 ,2.5 ,21.9 ,Point Guard,Guard
 Ryan Anderson,5.5 ,0.8 ,0.8 ,0.5 ,0.6 ,2.1 ,10.6 ,Forward Center,Forward
 Ryan Gomes,3.3 ,1.6 ,0.7 ,0.8 ,0.2 ,2.1 ,7.2 ,Forward,Forward
 Ryan Hollins,2.7 ,0.4 ,1.0 ,0.3 ,0.6 ,2.8 ,5.3 ,Center,Center
 Sam Young,2.4 ,0.9 ,0.8 ,0.9 ,0.3 ,1.5 ,7.3 ,Guard Forward,Guard
 Samardo Samuels,4.3 ,0.5 ,1.4 ,0.4 ,0.5 ,2.4 ,7.8 ,Power Forward,Forward
 Samuel Dalembert,8.2 ,0.8 ,1.7 ,0.5 ,1.5 ,2.8 ,8.1 ,Center,Center
 Sasha Pavlovic,1.0 ,0.5 ,0.4 ,0.3 ,0.2 ,1.1 ,2.5 ,Guard Forward,Guard
 Sasha Vujacic,2.8 ,2.0 ,1.0 ,0.8 ,0.1 ,2.0 ,9.8 ,Shooting Guard,Guard
 Sean Marks,1.4 ,0.1 ,0.4 ,0.1 ,0.2 ,1.5 ,1.6 ,Forward Center,Forward
 Semih Erden,2.9 ,0.5 ,0.8 ,0.4 ,0.6 ,2.5 ,4.0 ,Center,Center
 Serge Ibaka,7.6 ,0.3 ,0.9 ,0.4 ,2.4 ,3.3 ,9.9 ,Forward Center,Forward
 Shane Battier,4.5 ,2.3 ,1.0 ,0.8 ,1.0 ,1.9 ,7.6 ,Guard Forward,Guard
 Shannon Brown,1.9 ,1.2 ,0.9 ,0.8 ,0.2 ,1.5 ,8.7 ,Shooting Guard,Guard
 Shaquille O'Neal,4.8 ,0.7 ,1.5 ,0.4 ,1.1 ,3.2 ,9.2 ,Center,Center
 Shaun Livingston,2.0 ,2.2 ,1.2 ,0.6 ,0.4 ,1.5 ,6.6 ,Guard,Guard
 Shawn Marion,6.9 ,1.4 ,1.6 ,0.9 ,0.6 ,1.8 ,12.5 ,Guard Forward,Guard
 Shawne Williams,3.7 ,0.7 ,0.7 ,0.6 ,0.8 ,2.6 ,7.1 ,Forward,Forward
 Shelden Williams,4.6 ,0.5 ,0.7 ,0.4 ,0.4 ,2.1 ,4.5 ,Forward Center,Forward
 Solomon Alabi,1.2 ,0.2 ,0.3 ,0.2 ,0.2 ,0.4 ,0.5 ,Center,Center
 Solomon Jones,2.9 ,0.8 ,0.9 ,0.3 ,0.6 ,2.4 ,3.6 ,Forward Center,Forward
 Sonny Weems,2.6 ,1.8 ,1.5 ,0.6 ,0.0 ,1.5 ,9.2 ,Guard Forward,Guard
 Spencer Hawes,5.7 ,1.5 ,1.2 ,0.4 ,0.9 ,2.5 ,7.2 ,Forward Center,Forward
 Stephen Curry,3.9 ,5.8 ,3.1 ,1.5 ,0.3 ,3.1 ,18.6 ,Guard,Guard
 Stephen Graham,2.1 ,0.7 ,0.6 ,0.2 ,0.0 ,1.8 ,3.4 ,Guard Forward,Guard
 Stephen Jackson,4.5 ,3.6 ,3.1 ,1.2 ,0.4 ,2.4 ,18.5 ,Guard Forward,Guard
 Steve Blake,2.0 ,2.2 ,0.9 ,0.5 ,0.0 ,1.3 ,4.0 ,Guard,Guard
 Steve Nash,3.5 ,11.4 ,3.5 ,0.6 ,0.1 ,1.2 ,14.7 ,Point Guard,Guard
 Steve Novak,0.9 ,0.1 ,0.1 ,0.0 ,0.2 ,0.5 ,3.5 ,Forward,Forward
 Sundiata Gaines,1.6 ,1.8 ,1.1 ,0.7 ,0.0 ,1.0 ,4.6 ,Guard,Guard
 Taj Gibson,5.7 ,0.7 ,0.9 ,0.5 ,1.3 ,2.5 ,7.1 ,Forward Center,Forward
 Tayshaun Prince,4.2 ,2.8 ,1.1 ,0.4 ,0.5 ,1.2 ,14.1 ,Forward,Forward
 Terrence Williams,2.4 ,1.8 ,1.6 ,0.4 ,0.0 ,1.2 ,5.0 ,Guard Forward,Guard
 Thabo Sefolosha,4.4 ,1.4 ,0.7 ,1.2 ,0.5 ,2.2 ,5.1 ,Guard Forward,Guard
 Thaddeus Young,5.3 ,1.0 ,1.2 ,1.1 ,0.3 ,2.1 ,12.7 ,Forward,Forward
 Theo Ratliff,1.3 ,0.3 ,0.3 ,0.2 ,0.5 ,0.7 ,0.2 ,Center,Center
 Tiago Splitter,3.4 ,0.4 ,0.5 ,0.5 ,0.3 ,1.5 ,4.6 ,Center,Center
 Tim Duncan,8.9 ,2.7 ,1.6 ,0.7 ,1.9 ,1.6 ,13.4 ,Forward Center,Forward
 Timofey Mozgov,2.7 ,0.3 ,0.8 ,0.3 ,0.6 ,1.9 ,3.6 ,Center,Center
 Toney Douglas,3.0 ,3.0 ,1.1 ,1.1 ,0.0 ,2.2 ,10.6 ,Guard,Guard
 Tony Allen,2.7 ,1.4 ,1.2 ,1.8 ,0.6 ,2.2 ,8.9 ,Guard Forward,Guard
 Tony Battie,2.6 ,0.3 ,0.3 ,0.1 ,0.4 ,1.6 ,2.6 ,Center,Center
 Tony Parker,3.1 ,6.6 ,2.6 ,1.2 ,0.0 ,1.7 ,17.5 ,Point Guard,Guard
 Tracy McGrady,3.5 ,3.5 ,1.4 ,0.9 ,0.5 ,1.4 ,8.0 ,Guard,Guard
 Travis Outlaw,4.0 ,1.0 ,0.9 ,0.4 ,0.4 ,1.8 ,9.2 ,Forward,Forward
 Trevor Ariza,5.4 ,2.2 ,1.6 ,1.6 ,0.4 ,2.4 ,11.0 ,Guard Forward,Guard
 Trevor Booker,3.9 ,0.5 ,0.6 ,0.4 ,0.6 ,1.8 ,5.3 ,Power Forward,Forward
 Trey Johnson,0.9 ,1.4 ,0.6 ,0.1 ,0.1 ,1.5 ,4.3 ,Shooting Guard,Guard
 Troy Murphy,3.2 ,0.7 ,0.6 ,0.4 ,0.1 ,1.3 ,3.1 ,Forward Center,Forward
 Ty Lawson,2.6 ,4.7 ,1.7 ,1.0 ,0.1 ,1.7 ,11.7 ,Point Guard,Guard
 Tyler Hansbrough,5.2 ,0.6 ,1.1 ,0.5 ,0.2 ,2.3 ,11.0 ,Forward Center,Forward
 Tyreke Evans,4.8 ,5.6 ,3.2 ,1.5 ,0.5 ,2.5 ,17.8 ,Guard Forward,Guard
 Tyrus Thomas,5.5 ,0.7 ,1.6 ,0.7 ,1.6 ,2.8 ,10.2 ,Power Forward,Forward
 Tyson Chandler,9.4 ,0.4 ,1.2 ,0.5 ,1.1 ,3.2 ,10.1 ,Center,Center
 Udonis Haslem,8.2 ,0.5 ,1.1 ,0.5 ,0.2 ,3.0 ,8.0 ,Power Forward,Forward
 Vince Carter,3.8 ,2.0 ,1.2 ,0.9 ,0.3 ,2.6 ,14.0 ,Guard Forward,Guard
 Vladimir Radmanovic,2.9 ,1.1 ,0.8 ,0.6 ,0.6 ,2.1 ,5.1 ,Small Forward,Forward
 Von Wafer,0.8 ,0.6 ,0.3 ,0.3 ,0.1 ,0.7 ,3.2 ,Guard,Guard
 Wayne Ellington,1.7 ,1.2 ,0.9 ,0.5 ,0.0 ,1.4 ,6.6 ,Guard Forward,Guard
 Wesley Johnson,3.0 ,1.9 ,1.2 ,0.7 ,0.7 ,2.1 ,9.0 ,Guard Forward,Guard
 Wesley Matthews,3.1 ,2.0 ,1.7 ,1.2 ,0.1 ,2.4 ,15.9 ,Guard Forward,Guard
 Willie Green,2.1 ,1.0 ,0.9 ,0.5 ,0.2 ,1.9 ,8.7 ,Shooting Guard,Guard
 Willie Warren,0.6 ,1.4 ,0.4 ,0.3 ,0.0 ,0.8 ,1.9 ,Shooting Guard,Guard
 Wilson Chandler,5.7 ,1.7 ,1.4 ,0.7 ,1.3 ,2.8 ,15.3 ,Forward,Forward
 Xavier Henry,1.0 ,0.5 ,0.3 ,0.3 ,0.1 ,1.3 ,4.3 ,Guard Forward,Guard
 Yao Ming,5.4 ,0.8 ,1.4 ,0.0 ,1.6 ,2.6 ,10.2 ,Center,Center
 Yi Jianlian,3.9 ,0.4 ,0.8 ,0.4 ,0.5 ,1.8 ,5.6 ,Forward Center,Forward
 Zach Randolph,12.2 ,2.2 ,2.0 ,0.8 ,0.3 ,2.3 ,20.1 ,Forward Center,Forward
 Zaza Pachulia,4.2 ,0.7 ,0.9 ,0.4 ,0.3 ,2.3 ,4.4 ,Center,Center
 Zydrunas Ilgauskas,4.0 ,0.4 ,0.7 ,0.3 ,0.8 ,2.6 ,5.0 ,Center,Center
Amar'e Stoudemire,8.2 ,2.6 ,3.2 ,0.9 ,1.9 ,3.5 ,25.3 ,Forward Center,Forward
Brook Lopez,6.0 ,1.6 ,2.1 ,0.6 ,1.5 ,2.9 ,20.4 ,Center,Center
Danny Granger,5.4 ,2.6 ,2.6 ,1.1 ,0.8 ,2.7 ,20.5 ,Point Guard,Guard
David West,7.6 ,2.3 ,2.0 ,1.0 ,0.9 ,2.9 ,18.9 ,Point Guard,Guard
Derrick Rose,4.1 ,7.7 ,3.4 ,1.0 ,0.6 ,1.7 ,25.0 ,Point Guard,Guard
Dwyane Wade,6.4 ,4.6 ,3.1 ,1.5 ,1.1 ,2.6 ,25.5 ,Guard,Guard
Kevin Durant,6.8 ,2.7 ,2.8 ,1.1 ,1.0 ,2.0 ,27.7 ,Forward,Forward
Kobe Bryant,5.1 ,4.7 ,3.0 ,1.2 ,0.1 ,2.1 ,25.3 ,Guard Forward,Guard
